{
  "feature_names": [],
  "training_metrics": {
    "train_accuracy": 0.9982888107234528,
    "n_samples": 10519,
    "n_features": 179,
    "timestamp": "2026-01-01T13:58:28.883089",
    "gpu_enabled": true
  },
  "feature_importance": {
    "feature_0": 0.0,
    "feature_1": 0.0,
    "feature_2": 0.0,
    "feature_3": 0.0,
    "feature_4": 0.0,
    "feature_5": 0.0,
    "feature_6": 0.0,
    "feature_7": 0.0,
    "feature_8": 0.013650929555296898,
    "feature_9": 0.009597526863217354,
    "feature_10": 0.012852871790528297,
    "feature_11": 0.0,
    "feature_12": 0.008925816975533962,
    "feature_13": 0.011385873891413212,
    "feature_14": 0.0,
    "feature_15": 0.0,
    "feature_16": 0.010521521791815758,
    "feature_17": 0.0,
    "feature_18": 0.0,
    "feature_19": 0.0,
    "feature_20": 0.0,
    "feature_21": 0.007477691397070885,
    "feature_22": 0.0,
    "feature_23": 0.0,
    "feature_24": 0.0,
    "feature_25": 0.0,
    "feature_26": 0.008778054267168045,
    "feature_27": 0.009282437153160572,
    "feature_28": 0.0,
    "feature_29": 0.01042846031486988,
    "feature_30": 0.013228916563093662,
    "feature_31": 0.0197917427867651,
    "feature_32": 0.012332294136285782,
    "feature_33": 0.008911077864468098,
    "feature_34": 0.018168842419981956,
    "feature_35": 0.0,
    "feature_36": 0.0,
    "feature_37": 0.011520654894411564,
    "feature_38": 0.006819341331720352,
    "feature_39": 0.028524193912744522,
    "feature_40": 0.011318567208945751,
    "feature_41": 0.0,
    "feature_42": 0.0,
    "feature_43": 0.0,
    "feature_44": 0.0,
    "feature_45": 0.0,
    "feature_46": 0.015086672268807888,
    "feature_47": 0.0,
    "feature_48": 0.013364841230213642,
    "feature_49": 0.012811100110411644,
    "feature_50": 0.010347064584493637,
    "feature_51": 0.012766841799020767,
    "feature_52": 0.005864524748176336,
    "feature_53": 0.0,
    "feature_54": 0.0,
    "feature_55": 0.011876268312335014,
    "feature_56": 0.011524812318384647,
    "feature_57": 0.0,
    "feature_58": 0.0,
    "feature_59": 0.0,
    "feature_60": 0.011405279859900475,
    "feature_61": 0.0,
    "feature_62": 0.0,
    "feature_63": 0.011720161885023117,
    "feature_64": 0.0,
    "feature_65": 0.0,
    "feature_66": 0.0,
    "feature_67": 0.0,
    "feature_68": 0.0,
    "feature_69": 0.0,
    "feature_70": 0.0,
    "feature_71": 0.0,
    "feature_72": 0.016803134232759476,
    "feature_73": 0.0,
    "feature_74": 0.0,
    "feature_75": 0.0,
    "feature_76": 0.0,
    "feature_77": 0.005374236032366753,
    "feature_78": 0.0,
    "feature_79": 0.0,
    "feature_80": 0.008675727993249893,
    "feature_81": 0.010106952860951424,
    "feature_82": 0.008938128128647804,
    "feature_83": 0.010607819072902203,
    "feature_84": 0.012581751681864262,
    "feature_85": 0.0,
    "feature_86": 0.0,
    "feature_87": 0.0,
    "feature_88": 0.0,
    "feature_89": 0.0,
    "feature_90": 0.0,
    "feature_91": 0.0,
    "feature_92": 0.0,
    "feature_93": 0.0,
    "feature_94": 0.0,
    "feature_95": 0.0011462721740826964,
    "feature_96": 0.0,
    "feature_97": 0.01618027873337269,
    "feature_98": 0.007269526831805706,
    "feature_99": 0.0,
    "feature_100": 0.0,
    "feature_101": 0.009794047102332115,
    "feature_102": 0.0,
    "feature_103": 0.007371074054390192,
    "feature_104": 0.011852859519422054,
    "feature_105": 0.009103932417929173,
    "feature_106": 0.011358548887073994,
    "feature_107": 0.010431609116494656,
    "feature_108": 0.01957106962800026,
    "feature_109": 0.0,
    "feature_110": 0.0,
    "feature_111": 0.0,
    "feature_112": 0.0,
    "feature_113": 0.0,
    "feature_114": 0.0,
    "feature_115": 0.0,
    "feature_116": 0.0,
    "feature_117": 0.01289330143481493,
    "feature_118": 0.014239365234971046,
    "feature_119": 0.010006311349570751,
    "feature_120": 0.008646177127957344,
    "feature_121": 0.010014889761805534,
    "feature_122": 0.0133373336866498,
    "feature_123": 0.01137017272412777,
    "feature_124": 0.009873959235846996,
    "feature_125": 0.00949985720217228,
    "feature_126": 0.012003079056739807,
    "feature_127": 0.012500295415520668,
    "feature_128": 0.012213067151606083,
    "feature_129": 0.01142048742622137,
    "feature_130": 0.0,
    "feature_131": 0.012642012909054756,
    "feature_132": 0.0,
    "feature_133": 0.0,
    "feature_134": 0.0,
    "feature_135": 0.0,
    "feature_136": 0.014805875718593597,
    "feature_137": 0.010109503753483295,
    "feature_138": 0.016749443486332893,
    "feature_139": 0.013087389059364796,
    "feature_140": 0.009231328032910824,
    "feature_141": 0.017239423468708992,
    "feature_142": 0.0,
    "feature_143": 0.0,
    "feature_144": 0.0,
    "feature_145": 0.0,
    "feature_146": 0.0,
    "feature_147": 0.013297154568135738,
    "feature_148": 0.01341135986149311,
    "feature_149": 0.014041703194379807,
    "feature_150": 0.013848470523953438,
    "feature_151": 0.0,
    "feature_152": 0.0,
    "feature_153": 0.0,
    "feature_154": 0.0,
    "feature_155": 0.007231064140796661,
    "feature_156": 0.013752719387412071,
    "feature_157": 0.012546755373477936,
    "feature_158": 0.026319565251469612,
    "feature_159": 0.013945656828582287,
    "feature_160": 0.00868044700473547,
    "feature_161": 0.011703313328325748,
    "feature_162": 0.013853708282113075,
    "feature_163": 0.008848877623677254,
    "feature_164": 0.009459205903112888,
    "feature_165": 0.007334782276302576,
    "feature_166": 0.008139046840369701,
    "feature_167": 0.00998000055551529,
    "feature_168": 0.0,
    "feature_169": 0.0,
    "feature_170": 0.0,
    "feature_171": 0.0,
    "feature_172": 0.0,
    "feature_173": 0.0,
    "feature_174": 0.0,
    "feature_175": 0.0,
    "feature_176": 0.0,
    "feature_177": 0.011260132305324078,
    "feature_178": 0.013011390343308449
  },
  "is_trained": true,
  "model_version": "1.0.0",
  "saved_at": "2026-01-01T13:58:28.906089"
}