{
  "feature_names": [],
  "training_metrics": {
    "train_accuracy": 1.0,
    "n_samples": 168345,
    "n_features": 100,
    "timestamp": "2025-12-30T22:28:24.604415",
    "gpu_enabled": true
  },
  "feature_importance": {
    "feature_0": 0.0,
    "feature_1": 0.0,
    "feature_2": 0.0,
    "feature_3": 0.0,
    "feature_4": 0.0,
    "feature_5": 0.0,
    "feature_6": 0.015879325568675995,
    "feature_7": 0.01306999009102583,
    "feature_8": 0.007190919015556574,
    "feature_9": 0.008444909006357193,
    "feature_10": 0.010037951171398163,
    "feature_11": 0.010065915994346142,
    "feature_12": 0.013312401250004768,
    "feature_13": 0.0,
    "feature_14": 0.0,
    "feature_15": 0.007507172878831625,
    "feature_16": 0.013712753541767597,
    "feature_17": 0.009766540490090847,
    "feature_18": 0.02237568609416485,
    "feature_19": 0.009467899799346924,
    "feature_20": 0.006823613774031401,
    "feature_21": 0.011293568648397923,
    "feature_22": 0.009111221879720688,
    "feature_23": 0.0,
    "feature_24": 0.0,
    "feature_25": 0.006555701605975628,
    "feature_26": 0.016752082854509354,
    "feature_27": 0.010847535915672779,
    "feature_28": 0.026783596724271774,
    "feature_29": 0.01890370436012745,
    "feature_30": 0.0,
    "feature_31": 0.0074796550907194614,
    "feature_32": 0.008057684637606144,
    "feature_33": 0.007917790673673153,
    "feature_34": 0.004602285102009773,
    "feature_35": 0.008368583396077156,
    "feature_36": 0.0,
    "feature_37": 0.0,
    "feature_38": 0.009719416499137878,
    "feature_39": 0.025054579600691795,
    "feature_40": 0.0,
    "feature_41": 0.0,
    "feature_42": 0.01333917398005724,
    "feature_43": 0.02221791446208954,
    "feature_44": 0.010359277948737144,
    "feature_45": 0.020019209012389183,
    "feature_46": 0.007588275708258152,
    "feature_47": 0.011806017719209194,
    "feature_48": 0.01107362937182188,
    "feature_49": 0.009226038120687008,
    "feature_50": 0.008450020104646683,
    "feature_51": 0.012255102396011353,
    "feature_52": 0.004609826486557722,
    "feature_53": 0.033267080783843994,
    "feature_54": 0.01586173288524151,
    "feature_55": 0.006719627883285284,
    "feature_56": 0.00934482179582119,
    "feature_57": 0.020459359511733055,
    "feature_58": 0.010810528881847858,
    "feature_59": 0.011809668503701687,
    "feature_60": 0.008475241251289845,
    "feature_61": 0.015925047919154167,
    "feature_62": 0.011770254001021385,
    "feature_63": 0.015134510584175587,
    "feature_64": 0.004434556234627962,
    "feature_65": 0.007730227895081043,
    "feature_66": 0.006228391546756029,
    "feature_67": 0.009881449863314629,
    "feature_68": 0.013655724935233593,
    "feature_69": 0.010024381801486015,
    "feature_70": 0.009945160709321499,
    "feature_71": 0.009330247528851032,
    "feature_72": 0.01516698021441698,
    "feature_73": 0.010878282599151134,
    "feature_74": 0.012506294995546341,
    "feature_75": 0.01926048845052719,
    "feature_76": 0.007363492622971535,
    "feature_77": 0.004970903508365154,
    "feature_78": 0.01819445565342903,
    "feature_79": 0.018686890602111816,
    "feature_80": 0.01340706367045641,
    "feature_81": 0.020919088274240494,
    "feature_82": 0.020480427891016006,
    "feature_83": 0.004122873302549124,
    "feature_84": 0.005790344439446926,
    "feature_85": 0.006262330804020166,
    "feature_86": 0.013193664140999317,
    "feature_87": 0.01873205415904522,
    "feature_88": 0.00815656315535307,
    "feature_89": 0.010928378440439701,
    "feature_90": 0.007878442294895649,
    "feature_91": 0.011985846795141697,
    "feature_92": 0.007396689150482416,
    "feature_93": 0.009449086152017117,
    "feature_94": 0.009276422671973705,
    "feature_95": 0.00684784073382616,
    "feature_96": 0.00862590316683054,
    "feature_97": 0.005045321770012379,
    "feature_98": 0.014619937166571617,
    "feature_99": 0.00899896863847971
  },
  "is_trained": true,
  "model_version": "1.0.0",
  "saved_at": "2025-12-30T22:28:25.197878"
}