{
  "feature_names": [],
  "training_metrics": {
    "train_accuracy": 0.6430476914758988,
    "n_samples": 168311,
    "n_features": 176,
    "timestamp": "2025-12-30T16:40:50.518227",
    "gpu_enabled": true
  },
  "feature_importance": {
    "feature_0": 0.0,
    "feature_1": 0.0,
    "feature_2": 0.0,
    "feature_3": 0.0,
    "feature_4": 0.0,
    "feature_5": 0.0,
    "feature_6": 0.0,
    "feature_7": 0.0,
    "feature_8": 1.5822161109289021,
    "feature_9": 0.41209689412531286,
    "feature_10": 0.19299666053909045,
    "feature_11": 0.0,
    "feature_12": 0.7330438746920327,
    "feature_13": 3.141156129429984,
    "feature_14": 0.0,
    "feature_15": 0.0,
    "feature_16": 0.6531998526464932,
    "feature_17": 0.0,
    "feature_18": 0.0,
    "feature_19": 0.0,
    "feature_20": 0.0,
    "feature_21": 0.017875018610562666,
    "feature_22": 0.0,
    "feature_23": 0.0,
    "feature_24": 0.0,
    "feature_25": 0.0,
    "feature_26": 0.21058654158472154,
    "feature_27": 0.06254893903509408,
    "feature_28": 0.0,
    "feature_29": 0.3209062529295656,
    "feature_30": 2.252049740992456,
    "feature_31": 0.09905612497261844,
    "feature_32": 2.2204970165684643,
    "feature_33": 0.19236107606969852,
    "feature_34": 1.19683616526617,
    "feature_35": 0.0,
    "feature_36": 0.0,
    "feature_37": 0.023155363438215112,
    "feature_38": 0.05005964804242684,
    "feature_39": 0.01250698778480991,
    "feature_40": 0.0,
    "feature_41": 0.0,
    "feature_42": 0.0,
    "feature_43": 0.0,
    "feature_44": 0.0,
    "feature_45": 0.0,
    "feature_46": 0.09327435099385935,
    "feature_47": 0.0,
    "feature_48": 2.5101040078938515,
    "feature_49": 5.8483089516524265,
    "feature_50": 9.115473724424504,
    "feature_51": 0.7353394331307251,
    "feature_52": 0.0,
    "feature_53": 0.0,
    "feature_54": 0.0,
    "feature_55": 0.3672946963378266,
    "feature_56": 0.21493366692919222,
    "feature_57": 0.0,
    "feature_58": 0.0,
    "feature_59": 0.0,
    "feature_60": 2.437213994552568,
    "feature_61": 0.0,
    "feature_62": 0.0,
    "feature_63": 1.0230870576603532,
    "feature_64": 0.0,
    "feature_65": 0.0,
    "feature_66": 0.0,
    "feature_67": 0.0,
    "feature_68": 0.0,
    "feature_69": 0.0,
    "feature_70": 0.0,
    "feature_71": 0.0,
    "feature_72": 0.0,
    "feature_73": 0.0,
    "feature_74": 0.0,
    "feature_75": 0.0,
    "feature_76": 0.3610422946124752,
    "feature_77": 0.0,
    "feature_78": 0.0,
    "feature_79": 0.7441161797192727,
    "feature_80": 0.7845053092963242,
    "feature_81": 0.8088366771862199,
    "feature_82": 0.8640410742796553,
    "feature_83": 0.6494780210694724,
    "feature_84": 0.0,
    "feature_85": 0.0,
    "feature_86": 0.0,
    "feature_87": 0.0,
    "feature_88": 0.0,
    "feature_89": 0.0,
    "feature_90": 0.0,
    "feature_91": 0.0,
    "feature_92": 0.0,
    "feature_93": 0.0,
    "feature_94": 0.0,
    "feature_95": 0.0,
    "feature_96": 0.01215648202147988,
    "feature_97": 0.21150089351763798,
    "feature_98": 0.0,
    "feature_99": 0.0,
    "feature_100": 1.092754418605538,
    "feature_101": 0.0,
    "feature_102": 0.38414934925347005,
    "feature_103": 7.956209601521285,
    "feature_104": 1.2146543265754055,
    "feature_105": 12.440622157740544,
    "feature_106": 0.3467226432418898,
    "feature_107": 2.324915802836193,
    "feature_108": 0.0,
    "feature_109": 0.0,
    "feature_110": 0.0,
    "feature_111": 0.0,
    "feature_112": 0.0,
    "feature_113": 0.0,
    "feature_114": 0.0,
    "feature_115": 0.0,
    "feature_116": 0.25150330651692443,
    "feature_117": 0.29423215215511883,
    "feature_118": 0.45970481396714985,
    "feature_119": 0.4739742101467832,
    "feature_120": 0.8221674570621806,
    "feature_121": 0.4587924989656025,
    "feature_122": 0.08368436198094194,
    "feature_123": 0.1913062047420915,
    "feature_124": 0.097300584810186,
    "feature_125": 0.07115259574673209,
    "feature_126": 1.2601100640522986,
    "feature_127": 3.243417566557983,
    "feature_128": 0.8245914117975676,
    "feature_129": 0.0,
    "feature_130": 0.0,
    "feature_131": 0.0,
    "feature_132": 0.0,
    "feature_133": 0.0,
    "feature_134": 0.13919423692634428,
    "feature_135": 0.5617978650889487,
    "feature_136": 0.0,
    "feature_137": 0.29438700008636864,
    "feature_138": 0.06500331879213767,
    "feature_139": 0.4218927123412592,
    "feature_140": 0.0,
    "feature_141": 0.0,
    "feature_142": 0.0,
    "feature_143": 0.0,
    "feature_144": 0.0,
    "feature_145": 0.0,
    "feature_146": 0.2507269789183456,
    "feature_147": 0.3717990146948597,
    "feature_148": 0.0,
    "feature_149": 0.0,
    "feature_150": 0.0,
    "feature_151": 0.0,
    "feature_152": 1.2893815684677037,
    "feature_153": 0.6697952750144741,
    "feature_154": 0.11816535104398476,
    "feature_155": 0.5623648122690899,
    "feature_156": 4.21134930253014,
    "feature_157": 0.4059344618004365,
    "feature_158": 0.3110723187885296,
    "feature_159": 6.273582262605047,
    "feature_160": 0.47861268283122155,
    "feature_161": 0.45208911145670483,
    "feature_162": 0.2970014688889202,
    "feature_163": 0.14976412936264605,
    "feature_164": 5.779846760144793,
    "feature_165": 0.0,
    "feature_166": 0.0,
    "feature_167": 0.0,
    "feature_168": 0.0,
    "feature_169": 0.0,
    "feature_170": 0.0,
    "feature_171": 0.0,
    "feature_172": 0.0,
    "feature_173": 0.0,
    "feature_174": 0.270705364177474,
    "feature_175": 2.1797132625601967
  },
  "is_trained": true,
  "model_version": "1.0.0",
  "saved_at": "2025-12-30T16:40:50.549764"
}