{
  "hyperparameters": {
    "n_estimators": 200,
    "learning_rate": 0.1,
    "max_depth": 8,
    "min_samples_split": 5,
    "min_samples_leaf": 2,
    "subsample": 0.8,
    "max_features": "sqrt",
    "random_state": 42,
    "verbose": 0
  },
  "feature_names": [
    "feature_0",
    "feature_1",
    "feature_2",
    "feature_3",
    "feature_4",
    "feature_5",
    "feature_6",
    "feature_7",
    "feature_8",
    "feature_9",
    "feature_10",
    "feature_11",
    "feature_12",
    "feature_13",
    "feature_14",
    "feature_15",
    "feature_16",
    "feature_17",
    "feature_18",
    "feature_19",
    "feature_20",
    "feature_21",
    "feature_22",
    "feature_23",
    "feature_24",
    "feature_25",
    "feature_26",
    "feature_27",
    "feature_28",
    "feature_29"
  ],
  "training_metrics": {
    "train_accuracy": 0.7869343514901848,
    "n_samples": 159242,
    "n_features": 30,
    "feature_importance": {
      "feature_28": 0.06932800490124925,
      "feature_1": 0.06026354429533439,
      "feature_2": 0.05824214020963061,
      "feature_14": 0.05578938662355847,
      "feature_25": 0.054909105715075436,
      "feature_21": 0.04884925186850948,
      "feature_20": 0.04529917249587627,
      "feature_5": 0.044468172289421924,
      "feature_6": 0.04423611054824317,
      "feature_19": 0.04275165558221789,
      "feature_7": 0.042155178680564544,
      "feature_3": 0.03594874253613398,
      "feature_23": 0.030770250838897714,
      "feature_24": 0.02678279767999444,
      "feature_0": 0.02600450158895392,
      "feature_27": 0.025411913062483745,
      "feature_16": 0.024753230994598825,
      "feature_10": 0.0243987215632709,
      "feature_9": 0.024270602004349457,
      "feature_17": 0.024255922744473666
    }
  },
  "n_features": 30
}