{
  "feature_names": [],
  "training_metrics": {
    "train_accuracy": 0.819714694820897,
    "n_samples": 168311,
    "n_features": 176,
    "timestamp": "2025-12-30T16:40:20.908531",
    "gpu_enabled": true
  },
  "feature_importance": {
    "feature_0": 0.0,
    "feature_1": 0.0,
    "feature_2": 0.0,
    "feature_3": 0.0,
    "feature_4": 0.0,
    "feature_5": 0.0,
    "feature_6": 0.0,
    "feature_7": 0.0,
    "feature_8": 0.01142249908298254,
    "feature_9": 0.012360750697553158,
    "feature_10": 0.008246628567576408,
    "feature_11": 0.0,
    "feature_12": 0.011966178193688393,
    "feature_13": 0.01150018535554409,
    "feature_14": 0.0,
    "feature_15": 0.0,
    "feature_16": 0.008064479567110538,
    "feature_17": 0.0,
    "feature_18": 0.0,
    "feature_19": 0.0,
    "feature_20": 0.0,
    "feature_21": 0.009421564638614655,
    "feature_22": 0.0,
    "feature_23": 0.0,
    "feature_24": 0.0,
    "feature_25": 0.0,
    "feature_26": 0.010894842445850372,
    "feature_27": 0.012134330347180367,
    "feature_28": 0.0,
    "feature_29": 0.012329126708209515,
    "feature_30": 0.014975753612816334,
    "feature_31": 0.01379566453397274,
    "feature_32": 0.01463235728442669,
    "feature_33": 0.013380520045757294,
    "feature_34": 0.01652977243065834,
    "feature_35": 0.0,
    "feature_36": 0.0,
    "feature_37": 0.009138191118836403,
    "feature_38": 0.013311502523720264,
    "feature_39": 0.008107232861220837,
    "feature_40": 0.0,
    "feature_41": 0.0,
    "feature_42": 0.0,
    "feature_43": 0.0,
    "feature_44": 0.0,
    "feature_45": 0.0,
    "feature_46": 0.007679165806621313,
    "feature_47": 0.0,
    "feature_48": 0.011231629177927971,
    "feature_49": 0.02428719960153103,
    "feature_50": 0.050363507121801376,
    "feature_51": 0.034656066447496414,
    "feature_52": 0.004119391553103924,
    "feature_53": 0.0,
    "feature_54": 0.0,
    "feature_55": 0.027933204546570778,
    "feature_56": 0.01702991873025894,
    "feature_57": 0.0,
    "feature_58": 0.0,
    "feature_59": 0.0,
    "feature_60": 0.0130317322909832,
    "feature_61": 0.009000384248793125,
    "feature_62": 0.0,
    "feature_63": 0.007557193748652935,
    "feature_64": 0.0,
    "feature_65": 0.0,
    "feature_66": 0.0,
    "feature_67": 0.0,
    "feature_68": 0.0,
    "feature_69": 0.0,
    "feature_70": 0.0,
    "feature_71": 0.0,
    "feature_72": 0.0,
    "feature_73": 0.0,
    "feature_74": 0.0,
    "feature_75": 0.0,
    "feature_76": 0.008986285887658596,
    "feature_77": 0.0,
    "feature_78": 0.0,
    "feature_79": 0.00934683158993721,
    "feature_80": 0.010057391598820686,
    "feature_81": 0.007488835137337446,
    "feature_82": 0.008196401409804821,
    "feature_83": 0.00915560219436884,
    "feature_84": 0.0,
    "feature_85": 0.0,
    "feature_86": 0.0,
    "feature_87": 0.0,
    "feature_88": 0.0,
    "feature_89": 0.0,
    "feature_90": 0.0,
    "feature_91": 0.0,
    "feature_92": 0.0,
    "feature_93": 0.0,
    "feature_94": 0.014552051201462746,
    "feature_95": 0.007710767909884453,
    "feature_96": 0.005120566114783287,
    "feature_97": 0.013871237635612488,
    "feature_98": 0.0,
    "feature_99": 0.0,
    "feature_100": 0.008205628953874111,
    "feature_101": 0.0,
    "feature_102": 0.009794777259230614,
    "feature_103": 0.0128560746088624,
    "feature_104": 0.010953377932310104,
    "feature_105": 0.015979621559381485,
    "feature_106": 0.00737537769600749,
    "feature_107": 0.01129647996276617,
    "feature_108": 0.0,
    "feature_109": 0.0,
    "feature_110": 0.0,
    "feature_111": 0.0,
    "feature_112": 0.0,
    "feature_113": 0.0,
    "feature_114": 0.0,
    "feature_115": 0.0,
    "feature_116": 0.011310183443129063,
    "feature_117": 0.013612470589578152,
    "feature_118": 0.011303981766104698,
    "feature_119": 0.00723792240023613,
    "feature_120": 0.009416029788553715,
    "feature_121": 0.008143267594277859,
    "feature_122": 0.00807113666087389,
    "feature_123": 0.011842259205877781,
    "feature_124": 0.00792253389954567,
    "feature_125": 0.009571654722094536,
    "feature_126": 0.008671020157635212,
    "feature_127": 0.011681514792144299,
    "feature_128": 0.007930779829621315,
    "feature_129": 0.0,
    "feature_130": 0.0,
    "feature_131": 0.0,
    "feature_132": 0.0,
    "feature_133": 0.0,
    "feature_134": 0.013199548237025738,
    "feature_135": 0.015961846336722374,
    "feature_136": 0.013586084358394146,
    "feature_137": 0.013303290121257305,
    "feature_138": 0.015048435889184475,
    "feature_139": 0.012997038662433624,
    "feature_140": 0.0,
    "feature_141": 0.0,
    "feature_142": 0.0,
    "feature_143": 0.0,
    "feature_144": 0.0,
    "feature_145": 0.0,
    "feature_146": 0.011883195489645004,
    "feature_147": 0.013189999386668205,
    "feature_148": 0.0,
    "feature_149": 0.0,
    "feature_150": 0.0,
    "feature_151": 0.0,
    "feature_152": 0.008007651194930077,
    "feature_153": 0.02287769690155983,
    "feature_154": 0.018204202875494957,
    "feature_155": 0.011826836504042149,
    "feature_156": 0.01215040497481823,
    "feature_157": 0.013205885887145996,
    "feature_158": 0.008998950012028217,
    "feature_159": 0.0142904007807374,
    "feature_160": 0.007515130564570427,
    "feature_161": 0.00749480864033103,
    "feature_162": 0.007322168443351984,
    "feature_163": 0.008761344477534294,
    "feature_164": 0.012833462096750736,
    "feature_165": 0.0,
    "feature_166": 0.0,
    "feature_167": 0.0,
    "feature_168": 0.0,
    "feature_169": 0.0,
    "feature_170": 0.0,
    "feature_171": 0.0,
    "feature_172": 0.0,
    "feature_173": 0.0,
    "feature_174": 0.008144713006913662,
    "feature_175": 0.012433958239853382
  },
  "is_trained": true,
  "model_version": "1.0.0",
  "saved_at": "2025-12-30T16:40:21.099405"
}