{
  "hyperparameters": {
    "n_estimators": 200,
    "criterion": "gini",
    "max_depth": null,
    "min_samples_split": 5,
    "min_samples_leaf": 2,
    "max_features": "sqrt",
    "bootstrap": false,
    "random_state": 42,
    "n_jobs": -1,
    "class_weight": "balanced",
    "verbose": 0
  },
  "feature_names": [
    "feature_0",
    "feature_1",
    "feature_2",
    "feature_3",
    "feature_4",
    "feature_5",
    "feature_6",
    "feature_7",
    "feature_8",
    "feature_9",
    "feature_10",
    "feature_11",
    "feature_12",
    "feature_13",
    "feature_14",
    "feature_15",
    "feature_16",
    "feature_17",
    "feature_18",
    "feature_19",
    "feature_20",
    "feature_21",
    "feature_22",
    "feature_23",
    "feature_24",
    "feature_25",
    "feature_26",
    "feature_27",
    "feature_28",
    "feature_29"
  ],
  "training_metrics": {
    "train_accuracy": 0.9983547054169126,
    "n_samples": 159242,
    "n_features": 30,
    "feature_importance": {
      "feature_3": 0.04553606501759933,
      "feature_25": 0.04533394886002796,
      "feature_7": 0.044280649855551434,
      "feature_1": 0.03943757406660995,
      "feature_23": 0.03827231397893737,
      "feature_28": 0.03667746349513684,
      "feature_2": 0.0361618935007666,
      "feature_0": 0.034966524109475434,
      "feature_21": 0.03469258887494635,
      "feature_20": 0.0343347467867757,
      "feature_6": 0.03415712309290758,
      "feature_19": 0.03395656504765604,
      "feature_5": 0.0338874114277178,
      "feature_14": 0.032722209034029254,
      "feature_11": 0.032662547985589235,
      "feature_13": 0.03236462580663372,
      "feature_17": 0.03196566597356255,
      "feature_27": 0.03181508338819301,
      "feature_16": 0.031775049999310745,
      "feature_12": 0.030320475272364266
    }
  },
  "n_features": 30
}