{
  "feature_names": [],
  "training_metrics": {
    "train_accuracy": 0.7847704154387299,
    "n_samples": 10519,
    "n_features": 179,
    "timestamp": "2026-01-01T15:41:28.177943",
    "gpu_enabled": true
  },
  "feature_importance": {
    "feature_0": 0.0,
    "feature_1": 0.0,
    "feature_2": 0.0,
    "feature_3": 0.0,
    "feature_4": 0.0,
    "feature_5": 0.0,
    "feature_6": 0.0,
    "feature_7": 0.0,
    "feature_8": 0.94034581128594,
    "feature_9": 0.4686729630346816,
    "feature_10": 0.14480221496300186,
    "feature_11": 0.0,
    "feature_12": 0.7234927349212826,
    "feature_13": 2.072954290781883,
    "feature_14": 0.0,
    "feature_15": 0.0,
    "feature_16": 0.23754240210925348,
    "feature_17": 0.0,
    "feature_18": 0.0,
    "feature_19": 0.0,
    "feature_20": 0.0,
    "feature_21": 0.11012218567043015,
    "feature_22": 0.0,
    "feature_23": 0.0,
    "feature_24": 0.0,
    "feature_25": 0.0,
    "feature_26": 0.0950982635153248,
    "feature_27": 0.09306297084268415,
    "feature_28": 0.0,
    "feature_29": 0.8034003256768185,
    "feature_30": 1.056620396864656,
    "feature_31": 0.37048002044202505,
    "feature_32": 2.145205418481962,
    "feature_33": 0.5676965245353511,
    "feature_34": 1.5447447942896984,
    "feature_35": 0.0,
    "feature_36": 0.0,
    "feature_37": 0.04834683457983232,
    "feature_38": 0.23112900676573242,
    "feature_39": 0.21032474157723793,
    "feature_40": 0.23413565135665837,
    "feature_41": 0.0,
    "feature_42": 0.0,
    "feature_43": 0.0,
    "feature_44": 0.0,
    "feature_45": 0.0,
    "feature_46": 0.0,
    "feature_47": 0.0,
    "feature_48": 1.315124834745819,
    "feature_49": 2.864530582525279,
    "feature_50": 2.960514291491273,
    "feature_51": 3.388892721561226,
    "feature_52": 0.05254130527265495,
    "feature_53": 0.0,
    "feature_54": 0.0,
    "feature_55": 1.0884793441432283,
    "feature_56": 1.1159803579120302,
    "feature_57": 0.0,
    "feature_58": 0.0,
    "feature_59": 0.0,
    "feature_60": 2.2671938880469136,
    "feature_61": 0.005323843245122413,
    "feature_62": 0.0,
    "feature_63": 0.034086060766934975,
    "feature_64": 0.0,
    "feature_65": 0.0,
    "feature_66": 0.0,
    "feature_67": 0.0,
    "feature_68": 0.0,
    "feature_69": 0.0,
    "feature_70": 0.0,
    "feature_71": 0.0,
    "feature_72": 1.5661829913814378,
    "feature_73": 0.0,
    "feature_74": 0.0,
    "feature_75": 0.0,
    "feature_76": 0.0,
    "feature_77": 0.0,
    "feature_78": 0.0,
    "feature_79": 0.0,
    "feature_80": 0.672940244001012,
    "feature_81": 0.9469606447477174,
    "feature_82": 1.0354154336321892,
    "feature_83": 1.5180441953073984,
    "feature_84": 0.8956781989695376,
    "feature_85": 0.0,
    "feature_86": 0.0,
    "feature_87": 0.0,
    "feature_88": 0.0,
    "feature_89": 0.0,
    "feature_90": 0.0,
    "feature_91": 0.0,
    "feature_92": 0.0,
    "feature_93": 0.0,
    "feature_94": 0.0,
    "feature_95": 0.0,
    "feature_96": 0.0,
    "feature_97": 0.3411400134932725,
    "feature_98": 0.3290535681332048,
    "feature_99": 0.0,
    "feature_100": 0.0,
    "feature_101": 0.8532790250382646,
    "feature_102": 0.0,
    "feature_103": 0.846788101139453,
    "feature_104": 3.268142556962132,
    "feature_105": 0.49414267481203744,
    "feature_106": 6.440563581015422,
    "feature_107": 1.334309577264228,
    "feature_108": 3.097437517881372,
    "feature_109": 0.0,
    "feature_110": 0.0,
    "feature_111": 0.0,
    "feature_112": 0.0,
    "feature_113": 0.0,
    "feature_114": 0.0,
    "feature_115": 0.0,
    "feature_116": 0.0,
    "feature_117": 0.5645796795360686,
    "feature_118": 0.31649058788169326,
    "feature_119": 1.402173755366885,
    "feature_120": 0.2084414303220907,
    "feature_121": 0.11275556942007224,
    "feature_122": 0.3921944817561421,
    "feature_123": 1.3438358319113604,
    "feature_124": 0.19157272045931695,
    "feature_125": 0.5003685622508914,
    "feature_126": 1.2374344835206224,
    "feature_127": 1.7342919669902574,
    "feature_128": 3.6715356722236137,
    "feature_129": 0.5712813227778882,
    "feature_130": 0.0,
    "feature_131": 2.4988690172667885,
    "feature_132": 0.0,
    "feature_133": 0.0,
    "feature_134": 0.0,
    "feature_135": 0.0,
    "feature_136": 0.6135145553660072,
    "feature_137": 1.1719652270352368,
    "feature_138": 0.5709710768057098,
    "feature_139": 2.348325926739825,
    "feature_140": 0.6660650691646677,
    "feature_141": 0.8742193751628893,
    "feature_142": 0.0,
    "feature_143": 0.0,
    "feature_144": 0.0,
    "feature_145": 0.0,
    "feature_146": 0.0,
    "feature_147": 0.06784480869579605,
    "feature_148": 0.1379853423857581,
    "feature_149": 0.33389560590016787,
    "feature_150": 4.742634351650809,
    "feature_151": 0.0,
    "feature_152": 0.0,
    "feature_153": 0.0,
    "feature_154": 0.0,
    "feature_155": 0.24217870994878973,
    "feature_156": 2.1345123430444133,
    "feature_157": 0.4787153650684841,
    "feature_158": 3.0704645389934924,
    "feature_159": 3.7260808964635266,
    "feature_160": 0.7768667893914297,
    "feature_161": 0.44897169972792367,
    "feature_162": 2.4508416910046233,
    "feature_163": 1.1220702087194105,
    "feature_164": 0.8145205005664016,
    "feature_165": 0.6053097092628195,
    "feature_166": 0.6659945918933738,
    "feature_167": 2.8713035949503096,
    "feature_168": 0.0,
    "feature_169": 0.11832405224182896,
    "feature_170": 0.0,
    "feature_171": 0.0,
    "feature_172": 0.0,
    "feature_173": 0.0,
    "feature_174": 0.0,
    "feature_175": 0.0,
    "feature_176": 0.0,
    "feature_177": 0.16163678969412748,
    "feature_178": 3.208038993254913
  },
  "is_trained": true,
  "model_version": "1.0.0",
  "saved_at": "2026-01-01T15:41:28.184897"
}