{
  "xgboost_et_max_directional": 425277.0630362034,
  "xgboost_et_prob_up": 343243.4993556738,
  "xgboost_et_prob_down": 296224.6043781042,
  "xgboost_dart_max_directional": 20770.71925508976,
  "xgboost_et_neutral_dominance": 19724.551798522472,
  "xgboost_dart_prob_up": 16176.555578887463,
  "avg_max_directional": 15983.595590889454,
  "xgboost_et_asymmetry": 15440.956760704517,
  "xgboost_dart_prob_down": 14658.01323723793,
  "xgboost_prob_down": 14154.39810359478,
  "xgboost_dart_asymmetry": 12215.674158453941,
  "xgboost_et_prob_neutral": 7576.219291269779,
  "xgboost_hist_max_directional": 7309.734921813011,
  "xgboost_approx_prob_up": 6754.835864007473,
  "xgboost_gblinear_asymmetry": 6102.346154212952,
  "catboost_prob_neutral": 5132.995116710663,
  "catboost_neutral_dominance": 3730.7883139252663,
  "xgboost_dart_prob_neutral": 3663.5493304133415,
  "xgboost_dart_neutral_dominance": 3475.4803143143654,
  "xgboost_hist_neutral_dominance": 3298.4714443683624,
  "xgboost_approx_prob_down": 3014.9190073013306,
  "xgboost_hist_asymmetry": 2943.0136503577232,
  "xgboost_approx_max_directional": 2832.4936078190804,
  "xgboost_asymmetry": 2788.3353520035744,
  "xgboost_hist_prob_down": 2761.6843941807747,
  "avg_asymmetry": 2598.6873539686203,
  "lightgbm_asymmetry": 2596.2840735912323,
  "xgboost_gblinear_prob_down": 2479.266582429409,
  "xgboost_approx_asymmetry": 2414.896956562996,
  "avg_neutral_dominance": 2274.4892315864563,
  "catboost_prob_down": 2271.658587872982,
  "catboost_asymmetry": 2170.2773092985153,
  "xgboost_max_directional": 2149.4528876543045,
  "lightgbm_prob_down": 2128.673925280571,
  "max_asymmetry": 2022.606549024582,
  "xgboost_hist_prob_neutral": 2011.8087469935417,
  "catboost_prob_up": 1980.5679311156273,
  "xgboost_hist_prob_up": 1826.7676056623459,
  "lightgbm_prob_neutral": 1618.0756135582924,
  "xgboost_prob_up": 1541.1156288385391,
  "xgboost_neutral_dominance": 1520.3305269479752,
  "lightgbm_prob_up": 1498.621911406517,
  "catboost_max_directional": 1463.540724158287,
  "xgboost_approx_neutral_dominance": 1455.9408543109894,
  "xgboost_gblinear_prob_up": 1454.9560389518738,
  "xgboost_approx_prob_neutral": 1443.7272576093674,
  "xgboost_gblinear_prob_neutral": 1441.4842253923416,
  "lightgbm_max_directional": 1407.3000848293304,
  "xgboost_prob_neutral": 1361.7440252304077,
  "lightgbm_neutral_dominance": 1217.7030165195465,
  "xgboost_gblinear_neutral_dominance": 1173.7723894119263,
  "models_favor_down": 1081.8506994247437,
  "models_favor_up": 992.5037786960602,
  "xgboost_gblinear_max_directional": 184.3238410949707,
  "directional_consensus": 130.68460929393768
}