{
  "feature_names": [],
  "training_metrics": {
    "train_accuracy": 0.7847704154387299,
    "n_samples": 10519,
    "n_features": 179,
    "timestamp": "2026-01-01T15:42:00.707287",
    "gpu_enabled": true
  },
  "feature_importance": {
    "feature_0": 0.0,
    "feature_1": 0.0,
    "feature_2": 0.0,
    "feature_3": 0.0,
    "feature_4": 0.0,
    "feature_5": 0.0,
    "feature_6": 0.0,
    "feature_7": 0.0,
    "feature_8": 0.9403458112868787,
    "feature_9": 0.46867296303514944,
    "feature_10": 0.14480221496314638,
    "feature_11": 0.0,
    "feature_12": 0.7234927349220048,
    "feature_13": 2.0729542907839527,
    "feature_14": 0.0,
    "feature_15": 0.0,
    "feature_16": 0.2375424021094906,
    "feature_17": 0.0,
    "feature_18": 0.0,
    "feature_19": 0.0,
    "feature_20": 0.0,
    "feature_21": 0.11012218567054008,
    "feature_22": 0.0,
    "feature_23": 0.0,
    "feature_24": 0.0,
    "feature_25": 0.0,
    "feature_26": 0.09509826351541974,
    "feature_27": 0.09306297084277705,
    "feature_28": 0.0,
    "feature_29": 0.8034003256776205,
    "feature_30": 1.0566203968657106,
    "feature_31": 0.37048002044239486,
    "feature_32": 2.145205418484103,
    "feature_33": 0.5676965245359178,
    "feature_34": 1.5447447942912402,
    "feature_35": 0.0,
    "feature_36": 0.0,
    "feature_37": 0.04834683457988058,
    "feature_38": 0.23112900676596312,
    "feature_39": 0.21032474157744788,
    "feature_40": 0.2341356513568921,
    "feature_41": 0.0,
    "feature_42": 0.0,
    "feature_43": 0.0,
    "feature_44": 0.0,
    "feature_45": 0.0,
    "feature_46": 0.0,
    "feature_47": 0.0,
    "feature_48": 1.315124834747132,
    "feature_49": 2.8645305825281384,
    "feature_50": 2.9605142914942286,
    "feature_51": 3.388892721564609,
    "feature_52": 0.052541305272707395,
    "feature_53": 0.0,
    "feature_54": 0.0,
    "feature_55": 1.0884793441443148,
    "feature_56": 1.1159803579131442,
    "feature_57": 0.0,
    "feature_58": 0.0,
    "feature_59": 0.0,
    "feature_60": 2.2671938880491767,
    "feature_61": 0.005323843245127727,
    "feature_62": 0.0,
    "feature_63": 0.034086060766969,
    "feature_64": 0.0,
    "feature_65": 0.0,
    "feature_66": 0.0,
    "feature_67": 0.0,
    "feature_68": 0.0,
    "feature_69": 0.0,
    "feature_70": 0.0,
    "feature_71": 0.0,
    "feature_72": 1.5661829913830012,
    "feature_73": 0.0,
    "feature_74": 0.0,
    "feature_75": 0.0,
    "feature_76": 0.0,
    "feature_77": 0.0,
    "feature_78": 0.0,
    "feature_79": 0.0,
    "feature_80": 0.6729402440016838,
    "feature_81": 0.9469606447486626,
    "feature_82": 1.0354154336332226,
    "feature_83": 1.5180441953089137,
    "feature_84": 0.8956781989704317,
    "feature_85": 0.0,
    "feature_86": 0.0,
    "feature_87": 0.0,
    "feature_88": 0.0,
    "feature_89": 0.0,
    "feature_90": 0.0,
    "feature_91": 0.0,
    "feature_92": 0.0,
    "feature_93": 0.0,
    "feature_94": 0.0,
    "feature_95": 0.0,
    "feature_96": 0.0,
    "feature_97": 0.34114001349361306,
    "feature_98": 0.32905356813353326,
    "feature_99": 0.0,
    "feature_100": 0.0,
    "feature_101": 0.8532790250391163,
    "feature_102": 0.0,
    "feature_103": 0.8467881011402982,
    "feature_104": 3.2681425569653944,
    "feature_105": 0.4941426748125307,
    "feature_106": 6.440563581021851,
    "feature_107": 1.3343095772655598,
    "feature_108": 3.0974375178844635,
    "feature_109": 0.0,
    "feature_110": 0.0,
    "feature_111": 0.0,
    "feature_112": 0.0,
    "feature_113": 0.0,
    "feature_114": 0.0,
    "feature_115": 0.0,
    "feature_116": 0.0,
    "feature_117": 0.5645796795366321,
    "feature_118": 0.3164905878820092,
    "feature_119": 1.4021737553682847,
    "feature_120": 0.20844143032229875,
    "feature_121": 0.11275556942018479,
    "feature_122": 0.39219448175653354,
    "feature_123": 1.3438358318128767,
    "feature_124": 0.19157272045950816,
    "feature_125": 0.5003685622513909,
    "feature_126": 1.2374344835218576,
    "feature_127": 1.7342919669919887,
    "feature_128": 3.6715356722272787,
    "feature_129": 0.5712813227784584,
    "feature_130": 0.0,
    "feature_131": 2.4988690172692825,
    "feature_132": 0.0,
    "feature_133": 0.0,
    "feature_134": 0.0,
    "feature_135": 0.0,
    "feature_136": 0.6135145553666197,
    "feature_137": 1.1719652270364067,
    "feature_138": 0.5709710768062797,
    "feature_139": 2.3483259267421692,
    "feature_140": 0.6660650691653326,
    "feature_141": 0.8742193751637619,
    "feature_142": 0.0,
    "feature_143": 0.0,
    "feature_144": 0.0,
    "feature_145": 0.0,
    "feature_146": 0.0,
    "feature_147": 0.06784480869586378,
    "feature_148": 0.13798534238589583,
    "feature_149": 0.33389560590050116,
    "feature_150": 4.742634351655543,
    "feature_151": 0.0,
    "feature_152": 0.0,
    "feature_153": 0.0,
    "feature_154": 0.0,
    "feature_155": 0.24217870994903146,
    "feature_156": 2.134512343046544,
    "feature_157": 0.478715365068962,
    "feature_158": 3.0704645389965575,
    "feature_159": 3.726080896467246,
    "feature_160": 0.7768667893922052,
    "feature_161": 0.44897169972837186,
    "feature_162": 2.45084169100707,
    "feature_163": 1.1220702087205308,
    "feature_164": 0.8145205005672146,
    "feature_165": 0.6053097092634236,
    "feature_166": 0.6659945918940386,
    "feature_167": 2.8713035949531758,
    "feature_168": 0.0,
    "feature_169": 0.11832405224194707,
    "feature_170": 0.0,
    "feature_171": 0.0,
    "feature_172": 0.0,
    "feature_173": 0.0,
    "feature_174": 0.0,
    "feature_175": 0.0,
    "feature_176": 0.0,
    "feature_177": 0.16163678969428882,
    "feature_178": 3.2080389932581155
  },
  "is_trained": true,
  "model_version": "1.0.0",
  "saved_at": "2026-01-01T15:42:00.724276"
}