{
  "feature_names": [],
  "training_metrics": {
    "train_accuracy": 1.0,
    "n_samples": 10519,
    "n_features": 179,
    "timestamp": "2026-01-01T15:40:54.331377",
    "gpu_enabled": true
  },
  "feature_importance": {
    "feature_0": 0.0,
    "feature_1": 0.0,
    "feature_2": 0.0,
    "feature_3": 0.0,
    "feature_4": 0.0,
    "feature_5": 0.0,
    "feature_6": 0.0,
    "feature_7": 0.0,
    "feature_8": 0.014099957421422005,
    "feature_9": 0.014094199985265732,
    "feature_10": 0.011391024105250835,
    "feature_11": 0.0,
    "feature_12": 0.009572715498507023,
    "feature_13": 0.008207879029214382,
    "feature_14": 0.0,
    "feature_15": 0.0,
    "feature_16": 0.006659879814833403,
    "feature_17": 0.0,
    "feature_18": 0.0,
    "feature_19": 0.0,
    "feature_20": 0.0,
    "feature_21": 0.013112244196236134,
    "feature_22": 0.0,
    "feature_23": 0.0,
    "feature_24": 0.0,
    "feature_25": 0.0,
    "feature_26": 0.009648242965340614,
    "feature_27": 0.009888854809105396,
    "feature_28": 0.0,
    "feature_29": 0.010928192175924778,
    "feature_30": 0.014244422316551208,
    "feature_31": 0.014953307807445526,
    "feature_32": 0.014666439034044743,
    "feature_33": 0.009384268894791603,
    "feature_34": 0.02056853286921978,
    "feature_35": 0.0,
    "feature_36": 0.0,
    "feature_37": 0.017697976902127266,
    "feature_38": 0.0328950360417366,
    "feature_39": 0.0,
    "feature_40": 0.0014856858178973198,
    "feature_41": 0.0,
    "feature_42": 0.0,
    "feature_43": 0.0,
    "feature_44": 0.0,
    "feature_45": 0.0,
    "feature_46": 0.038789667189121246,
    "feature_47": 0.0,
    "feature_48": 0.0156614538282156,
    "feature_49": 0.011446249671280384,
    "feature_50": 0.009434587322175503,
    "feature_51": 0.011784686706960201,
    "feature_52": 0.006532549392431974,
    "feature_53": 0.0,
    "feature_54": 0.0,
    "feature_55": 0.0113272899761796,
    "feature_56": 0.014967111870646477,
    "feature_57": 0.0,
    "feature_58": 0.0,
    "feature_59": 0.0,
    "feature_60": 0.01493027526885271,
    "feature_61": 0.0,
    "feature_62": 0.0,
    "feature_63": 0.0077588376589119434,
    "feature_64": 0.0,
    "feature_65": 0.0,
    "feature_66": 0.0,
    "feature_67": 0.0,
    "feature_68": 0.0,
    "feature_69": 0.0,
    "feature_70": 0.0,
    "feature_71": 0.0,
    "feature_72": 0.010953743010759354,
    "feature_73": 0.0,
    "feature_74": 0.0,
    "feature_75": 0.0,
    "feature_76": 0.0,
    "feature_77": 0.013680726289749146,
    "feature_78": 0.0,
    "feature_79": 0.0,
    "feature_80": 0.016065290197730064,
    "feature_81": 0.011954715475440025,
    "feature_82": 0.008589092642068863,
    "feature_83": 0.0099160335958004,
    "feature_84": 0.01167792733758688,
    "feature_85": 0.0,
    "feature_86": 0.0,
    "feature_87": 0.0,
    "feature_88": 0.0,
    "feature_89": 0.0,
    "feature_90": 0.0,
    "feature_91": 0.0,
    "feature_92": 0.0,
    "feature_93": 0.0,
    "feature_94": 0.0,
    "feature_95": 0.012509382329881191,
    "feature_96": 0.0006620254134759307,
    "feature_97": 0.0009114594431594014,
    "feature_98": 0.01768994703888893,
    "feature_99": 0.0,
    "feature_100": 0.0,
    "feature_101": 0.01047027762979269,
    "feature_102": 0.0,
    "feature_103": 0.006302414461970329,
    "feature_104": 0.011668121442198753,
    "feature_105": 0.012370862066745758,
    "feature_106": 0.01059712003916502,
    "feature_107": 0.010030056349933147,
    "feature_108": 0.016583897173404694,
    "feature_109": 0.0,
    "feature_110": 0.0,
    "feature_111": 0.0,
    "feature_112": 0.0,
    "feature_113": 0.0,
    "feature_114": 0.0,
    "feature_115": 0.0,
    "feature_116": 0.0,
    "feature_117": 0.008177489042282104,
    "feature_118": 0.015832971781492233,
    "feature_119": 0.013754741288721561,
    "feature_120": 0.010414565913379192,
    "feature_121": 0.008891623467206955,
    "feature_122": 0.013458835892379284,
    "feature_123": 0.008580201305449009,
    "feature_124": 0.01562952809035778,
    "feature_125": 0.010214568115770817,
    "feature_126": 0.011568536050617695,
    "feature_127": 0.011557425372302532,
    "feature_128": 0.01243174634873867,
    "feature_129": 0.009152167476713657,
    "feature_130": 0.0,
    "feature_131": 0.010285789147019386,
    "feature_132": 0.0,
    "feature_133": 0.0,
    "feature_134": 0.0,
    "feature_135": 0.0,
    "feature_136": 0.00785111729055643,
    "feature_137": 0.00975818932056427,
    "feature_138": 0.004847216419875622,
    "feature_139": 0.011110872030258179,
    "feature_140": 0.010306532494723797,
    "feature_141": 0.017724698409438133,
    "feature_142": 0.0,
    "feature_143": 0.0,
    "feature_144": 0.0,
    "feature_145": 0.0,
    "feature_146": 0.0,
    "feature_147": 0.0034742027055472136,
    "feature_148": 0.0114097585901618,
    "feature_149": 0.010439160279929638,
    "feature_150": 0.01457587443292141,
    "feature_151": 0.0,
    "feature_152": 0.0,
    "feature_153": 0.0,
    "feature_154": 0.0,
    "feature_155": 0.009178520180284977,
    "feature_156": 0.009341945871710777,
    "feature_157": 0.0095885144546628,
    "feature_158": 0.02765585295855999,
    "feature_159": 0.011057675816118717,
    "feature_160": 0.008329521864652634,
    "feature_161": 0.009747952222824097,
    "feature_162": 0.01525388564914465,
    "feature_163": 0.009211713448166847,
    "feature_164": 0.012109706178307533,
    "feature_165": 0.00940361525863409,
    "feature_166": 0.006649291142821312,
    "feature_167": 0.01240384392440319,
    "feature_168": 0.0,
    "feature_169": 0.0017406466649845243,
    "feature_170": 0.0,
    "feature_171": 0.0,
    "feature_172": 0.0,
    "feature_173": 0.0,
    "feature_174": 0.0,
    "feature_175": 0.0,
    "feature_176": 0.0,
    "feature_177": 0.007622596342116594,
    "feature_178": 0.010492219589650631
  },
  "is_trained": true,
  "model_version": "1.0.0",
  "saved_at": "2026-01-01T15:40:54.372379"
}