{
  "hyperparameters": {
    "penalty": "l2",
    "C": 100.0,
    "solver": "lbfgs",
    "max_iter": 2000,
    "multi_class": "multinomial",
    "class_weight": "balanced",
    "random_state": 42,
    "n_jobs": -1
  },
  "feature_names": [
    "feature_0",
    "feature_1",
    "feature_2",
    "feature_3",
    "feature_4",
    "feature_5",
    "feature_6",
    "feature_7",
    "feature_8",
    "feature_9",
    "feature_10",
    "feature_11",
    "feature_12",
    "feature_13",
    "feature_14",
    "feature_15",
    "feature_16",
    "feature_17",
    "feature_18",
    "feature_19",
    "feature_20",
    "feature_21",
    "feature_22",
    "feature_23",
    "feature_24",
    "feature_25",
    "feature_26",
    "feature_27",
    "feature_28",
    "feature_29"
  ],
  "training_metrics": {
    "train_accuracy": 0.5042199922131096,
    "cv_mean": 0.5042765153695729,
    "cv_std": 0.0005079476624706545,
    "cv_scores": [
      0.504191654369054,
      0.5035008948475619,
      0.5046784727455413,
      0.5040504898266767,
      0.5049610650590304
    ],
    "n_samples": 159242,
    "n_features": 30
  },
  "feature_importance": {
    "feature_1": 0.2591702412888343,
    "feature_28": 0.25686505725608316,
    "feature_21": 0.15127062674155953,
    "feature_0": 0.1238755544228969,
    "feature_6": 0.11977266873743575,
    "feature_5": 0.11901570675592914,
    "feature_20": 0.11450088529409685,
    "feature_3": 0.10121887821103252,
    "feature_7": 0.10121835377715721,
    "feature_25": 0.10121835377715721,
    "feature_19": 0.08834340122126644,
    "feature_24": 0.0751845677275077,
    "feature_17": 0.05132622252009783,
    "feature_2": 0.042253504363153706,
    "feature_11": 0.040080295030113074,
    "feature_26": 0.03623862519445519,
    "feature_18": 0.03564208398388602,
    "feature_27": 0.03414610828545173,
    "feature_4": 0.03184701767422709,
    "feature_29": 0.022420081778284112,
    "feature_22": 0.022419902207464763,
    "feature_13": 0.020283728294556585,
    "feature_16": 0.02028355209607238,
    "feature_14": 0.018485991084067257,
    "feature_23": 0.014410052465456178,
    "feature_12": 0.007945860206150224,
    "feature_15": 0.007945357977184559,
    "feature_9": 0.004930789389642738,
    "feature_8": 0.004930338545980639,
    "feature_10": 0.0049302884522277775
  },
  "n_features": 30
}