{
  "feature_names": [],
  "training_metrics": {
    "train_accuracy": 0.6430476914758988,
    "n_samples": 168311,
    "n_features": 176,
    "timestamp": "2025-12-30T16:44:34.599946",
    "gpu_enabled": true
  },
  "feature_importance": {
    "feature_0": 0.0,
    "feature_1": 0.0,
    "feature_2": 0.0,
    "feature_3": 0.0,
    "feature_4": 0.0,
    "feature_5": 0.0,
    "feature_6": 0.0,
    "feature_7": 0.0,
    "feature_8": 1.627161419062055,
    "feature_9": 0.43257079539045534,
    "feature_10": 0.19299666053909043,
    "feature_11": 0.0,
    "feature_12": 0.6952169979639568,
    "feature_13": 3.1411561294299837,
    "feature_14": 0.0,
    "feature_15": 0.0,
    "feature_16": 0.653199852646493,
    "feature_17": 0.0,
    "feature_18": 0.0,
    "feature_19": 0.0,
    "feature_20": 0.0,
    "feature_21": 0.017875018610562662,
    "feature_22": 0.0,
    "feature_23": 0.0,
    "feature_24": 0.0,
    "feature_25": 0.0,
    "feature_26": 0.20324559953103924,
    "feature_27": 0.07620419158280041,
    "feature_28": 0.0,
    "feature_29": 0.33678124143557386,
    "feature_30": 2.2559834057165418,
    "feature_31": 0.0785822237074764,
    "feature_32": 2.170410479973014,
    "feature_33": 0.22516879379527288,
    "feature_34": 1.212883356845869,
    "feature_35": 0.0,
    "feature_36": 0.0,
    "feature_37": 0.0,
    "feature_38": 0.05005964804242683,
    "feature_39": 0.01646219983602745,
    "feature_40": 0.01288584089297334,
    "feature_41": 0.0,
    "feature_42": 0.0,
    "feature_43": 0.0,
    "feature_44": 0.0,
    "feature_45": 0.0,
    "feature_46": 0.09327435099385933,
    "feature_47": 0.0,
    "feature_48": 2.3980740135636567,
    "feature_49": 5.834955253674713,
    "feature_50": 9.544014391571027,
    "feature_51": 0.4108544936445215,
    "feature_52": 0.0,
    "feature_53": 0.0,
    "feature_54": 0.0,
    "feature_55": 0.32234938820467424,
    "feature_56": 0.25276054365726824,
    "feature_57": 0.0,
    "feature_58": 0.0,
    "feature_59": 0.0,
    "feature_60": 2.471686507025077,
    "feature_61": 0.0,
    "feature_62": 0.0,
    "feature_63": 1.0230870576603532,
    "feature_64": 0.0,
    "feature_65": 0.0,
    "feature_66": 0.0,
    "feature_67": 0.0,
    "feature_68": 0.0,
    "feature_69": 0.0,
    "feature_70": 0.0,
    "feature_71": 0.0,
    "feature_72": 0.0,
    "feature_73": 0.0,
    "feature_74": 0.0,
    "feature_75": 0.0,
    "feature_76": 0.3610422946124752,
    "feature_77": 0.0,
    "feature_78": 0.0,
    "feature_79": 0.7441161797192726,
    "feature_80": 0.7845053092963241,
    "feature_81": 0.8088366771862198,
    "feature_82": 0.8640410742796552,
    "feature_83": 0.671628923120911,
    "feature_84": 0.0,
    "feature_85": 0.0,
    "feature_86": 0.0,
    "feature_87": 0.0,
    "feature_88": 0.0,
    "feature_89": 0.0,
    "feature_90": 0.0,
    "feature_91": 0.0,
    "feature_92": 0.0,
    "feature_93": 0.0,
    "feature_94": 0.0,
    "feature_95": 0.0,
    "feature_96": 0.012156482021479878,
    "feature_97": 0.21150089351763796,
    "feature_98": 0.0,
    "feature_99": 0.0,
    "feature_100": 1.0927544186055378,
    "feature_101": 0.0,
    "feature_102": 0.38414934925347,
    "feature_103": 7.956209601521284,
    "feature_104": 1.2146543265754055,
    "feature_105": 12.440622157740542,
    "feature_106": 0.3467226432418897,
    "feature_107": 2.3249158028361925,
    "feature_108": 0.0,
    "feature_109": 0.0,
    "feature_110": 0.0,
    "feature_111": 0.0,
    "feature_112": 0.0,
    "feature_113": 0.0,
    "feature_114": 0.0,
    "feature_115": 0.0,
    "feature_116": 0.2515033065169244,
    "feature_117": 0.2942321521551188,
    "feature_118": 0.4719129946146128,
    "feature_119": 0.47397421014678315,
    "feature_120": 0.8440326068820982,
    "feature_121": 0.4661705459531823,
    "feature_122": 0.07147618133347917,
    "feature_123": 0.16944105492217432,
    "feature_124": 0.08992253782260563,
    "feature_125": 0.049001693695293565,
    "feature_126": 1.2601100640522984,
    "feature_127": 3.2434175665579827,
    "feature_128": 0.8245914117975675,
    "feature_129": 0.0,
    "feature_130": 0.0,
    "feature_131": 0.0,
    "feature_132": 0.0,
    "feature_133": 0.0,
    "feature_134": 0.12331924842033577,
    "feature_135": 0.5578642003648627,
    "feature_136": 0.0,
    "feature_137": 0.3444735366818185,
    "feature_138": 0.0321956010665632,
    "feature_139": 0.4058455207615585,
    "feature_140": 0.0,
    "feature_141": 0.0,
    "feature_142": 0.0,
    "feature_143": 0.0,
    "feature_144": 0.0,
    "feature_145": 0.0,
    "feature_146": 0.25072697891834556,
    "feature_147": 0.37179901469485965,
    "feature_148": 0.0,
    "feature_149": 0.0,
    "feature_150": 0.0,
    "feature_151": 0.0,
    "feature_152": 1.2893815684677035,
    "feature_153": 0.6831489729921907,
    "feature_154": 0.2301953453741839,
    "feature_155": 0.4583090846087699,
    "feature_156": 4.211349302530139,
    "feature_157": 0.37146194932792764,
    "feature_158": 0.3110723187885296,
    "feature_159": 6.273582262605046,
    "feature_160": 0.47861268283122144,
    "feature_161": 0.4585740470578449,
    "feature_162": 0.29700146888892015,
    "feature_163": 0.14327919376150616,
    "feature_164": 5.7798467601447925,
    "feature_165": 0.0,
    "feature_166": 0.0,
    "feature_167": 0.0,
    "feature_168": 0.0,
    "feature_169": 0.0,
    "feature_170": 0.0,
    "feature_171": 0.0,
    "feature_172": 0.0,
    "feature_173": 0.0,
    "feature_174": 0.27070536417747393,
    "feature_175": 2.1797132625601963
  },
  "is_trained": true,
  "model_version": "1.0.0",
  "saved_at": "2025-12-30T16:44:34.632228"
}